keyword,playlist_name,playlist_description,playlist_url,track_name,artist,artist_genres,track_url
restaurant,Restaurant Music 2025,Chill cooking dinner music. 2000s - 2025. Pop soul jazz restaurant playlist.,https://open.spotify.com/playlist/2UJd3dltnIGkMqhAbQSkbS,Moondance - 2013 Remaster,Van Morrison,,https://open.spotify.com/track/683b4ikwa62JevCjwrmfg6
restaurant,Restaurant Music 2025,Chill cooking dinner music. 2000s - 2025. Pop soul jazz restaurant playlist.,https://open.spotify.com/playlist/2UJd3dltnIGkMqhAbQSkbS,There Is a Light That Never Goes Out - 2011 Remaster,The Smiths,"new wave, madchester, jangle pop",https://open.spotify.com/track/0WQiDwKJclirSYG9v5tayI
restaurant,RESTAURANT MUSIC 2025 🍽  chill covers & dinner songs,"Dine, mingle, lounge cocktails, beach bar, café, cooking… Set the background mood with relaxing bossa nova &amp; jazz versions of popular hits.",https://open.spotify.com/playlist/4lAmoS7H9HzPmelN7joKG6,Dancing In the Moonlight,Bossa Nova Covers,bossa nova,https://open.spotify.com/track/5MINUtX7hvYaaWwNRrp1hl
restaurant,RESTAURANT MUSIC 2025 🍽  chill covers & dinner songs,"Dine, mingle, lounge cocktails, beach bar, café, cooking… Set the background mood with relaxing bossa nova &amp; jazz versions of popular hits.",https://open.spotify.com/playlist/4lAmoS7H9HzPmelN7joKG6,Sweet Child O' Mine,Bossa Nova Covers,bossa nova,https://open.spotify.com/track/2DHoF695nEPtbWMiqFeDTy
restaurant,fancy restaurant music,somehow they always play 50s jazz about love,https://open.spotify.com/playlist/3petyilOTFbgqkgjEmASzk,Easy Living,Billie Holiday,"jazz, vocal jazz, jazz blues, big band",https://open.spotify.com/track/0XsbCr34semDxq0ZX84BCh
restaurant,fancy restaurant music,somehow they always play 50s jazz about love,https://open.spotify.com/playlist/3petyilOTFbgqkgjEmASzk,La vie en rose,Louis Armstrong,"jazz, swing music, big band, vocal jazz, jazz blues",https://open.spotify.com/track/5IIybI1oiOCY3DRUrpQ7zA
cafe,Cozy Coffee Shop ☕ Jazz in the Background,Soft instrumental Jazz for all your activities.,https://open.spotify.com/playlist/5vVSfOsF8YRueAI1dOI0Lh,Love Will Follow,Cozy Room,,https://open.spotify.com/track/2xML9wzdc0s4hZ2DAjQPMG
cafe,Cozy Coffee Shop ☕ Jazz in the Background,Soft instrumental Jazz for all your activities.,https://open.spotify.com/playlist/5vVSfOsF8YRueAI1dOI0Lh,I Know Too Well,Cozy Coffee Shop,jazz,https://open.spotify.com/track/0ZdiEMOfe2BXtNV319E8He
cafe,lofi Jazz Cafe 🎷Study Beats & Chill Vibes,Jazzy lo-fi hip hop dinner lounge music bar instrumental covers low-fi study adhd focus chillhop new Jazzhop 2025 lowfi chilled winter nights sleep  💤,https://open.spotify.com/playlist/2Al9G2jrWkwDlRFMZaw1GX,Get Together,Phlocalyst,"lo-fi, lo-fi beats, jazz beats",https://open.spotify.com/track/7nNck2PhET9OK7epBKwhHz
cafe,lofi Jazz Cafe 🎷Study Beats & Chill Vibes,Jazzy lo-fi hip hop dinner lounge music bar instrumental covers low-fi study adhd focus chillhop new Jazzhop 2025 lowfi chilled winter nights sleep  💤,https://open.spotify.com/playlist/2Al9G2jrWkwDlRFMZaw1GX,Zealous,Hewie Lou,"lo-fi beats, lo-fi",https://open.spotify.com/track/2bCj6NiPvikQpQ0CoKqWyQ
cafe,Café Music 2025 ☕ Chill Vibes -  Coffee Lounge - Morning Chill - Relax - Summer Edition,Coffe shop Music to enjoy in the mornings! Cafe Music - Bar lounge - Chill Vibes - Accustic Covers - Relax Vibes - Morning Vibes - Chillout - Work Playlist - Soft Music - Calm Songs - Sleep Music - Background Music - Ibiza Summer mix - Relax Chill - Pool Lounge - Coffee house music ,https://open.spotify.com/playlist/11nSleISOWGLboWVWPDuwB,Riptide,Vance Joy,folk pop,https://open.spotify.com/track/7yq4Qj7cqayVTp3FF9CWbm
cafe,Café Music 2025 ☕ Chill Vibes -  Coffee Lounge - Morning Chill - Relax - Summer Edition,Coffe shop Music to enjoy in the mornings! Cafe Music - Bar lounge - Chill Vibes - Accustic Covers - Relax Vibes - Morning Vibes - Chillout - Work Playlist - Soft Music - Calm Songs - Sleep Music - Background Music - Ibiza Summer mix - Relax Chill - Pool Lounge - Coffee house music ,https://open.spotify.com/playlist/11nSleISOWGLboWVWPDuwB,BIRDS OF A FEATHER,Billie Eilish,,https://open.spotify.com/track/6dOtVTDdiauQNBQEDOtlAB
cafe,French Cafe Lounge,"The Official French Cafe Lounge Playlist - Over 250,000 followers and growing every day! Send requests to: kamdiba@gmail.com",https://open.spotify.com/playlist/3x6xRt9FnSbfPbgiO6incZ,Petite fleur,Sidney Bechet/Fernand Bonifay/Maria Bua,,https://open.spotify.com/track/5z7NjVhqMYUm3JhwXeLEBV
cafe,French Cafe Lounge,"The Official French Cafe Lounge Playlist - Over 250,000 followers and growing every day! Send requests to: kamdiba@gmail.com",https://open.spotify.com/playlist/3x6xRt9FnSbfPbgiO6incZ,Waiting For The Time,The French Note,french jazz,https://open.spotify.com/track/6cXPcKbfRbWMhozYBc9fWA
coffee shop,Cozy Coffee Shop ☕ Jazz in the Background,Soft instrumental Jazz for all your activities.,https://open.spotify.com/playlist/5vVSfOsF8YRueAI1dOI0Lh,Love Will Follow,Cozy Room,,https://open.spotify.com/track/2xML9wzdc0s4hZ2DAjQPMG
coffee shop,Cozy Coffee Shop ☕ Jazz in the Background,Soft instrumental Jazz for all your activities.,https://open.spotify.com/playlist/5vVSfOsF8YRueAI1dOI0Lh,I Know Too Well,Cozy Coffee Shop,jazz,https://open.spotify.com/track/0ZdiEMOfe2BXtNV319E8He
coffee shop,Instrumental Studying 🎻🕊️🎧📑🍵 (soft/no lyrics),"You are on the path of success, I know it &lt;3 &#x2F;&#x2F; Aesthetic studying, Rory Gilmore study, Clean girl study, Coffee shop, piano study, Lana Del Ray core, soft lyrics, light lyrics, limerence, godfather, Intervallo II, The Swan, Je te leissari des mots",https://open.spotify.com/playlist/2sZYutAwhMODqCaS0mYj4Z,Bleached,Video Days,,https://open.spotify.com/track/7nTrgV4osUk3b5ZKgKEWlu
coffee shop,Instrumental Studying 🎻🕊️🎧📑🍵 (soft/no lyrics),"You are on the path of success, I know it &lt;3 &#x2F;&#x2F; Aesthetic studying, Rory Gilmore study, Clean girl study, Coffee shop, piano study, Lana Del Ray core, soft lyrics, light lyrics, limerence, godfather, Intervallo II, The Swan, Je te leissari des mots",https://open.spotify.com/playlist/2sZYutAwhMODqCaS0mYj4Z,Godfather,Analog Trickery,,https://open.spotify.com/track/3y3FaAhhtmXuQqhsqkD8z9
coffee shop,Lofi Coffee Shop (Lo-Fi Café Morning),"Best LoFi to sip your morning coffee to..Morning wake up jazzhop music, eat breakfast, AM focus, lofi hip hop to relax, focus, wake up, chill lofi jazz cafe lounge instrumental music",https://open.spotify.com/playlist/7K6fVGUcL6ChCsRMJP4oOC,Sitting in a Café,Bequem,,https://open.spotify.com/track/7lePcyWkykLSoBzM1nTcvO
coffee shop,Lofi Coffee Shop (Lo-Fi Café Morning),"Best LoFi to sip your morning coffee to..Morning wake up jazzhop music, eat breakfast, AM focus, lofi hip hop to relax, focus, wake up, chill lofi jazz cafe lounge instrumental music",https://open.spotify.com/playlist/7K6fVGUcL6ChCsRMJP4oOC,Coffee Break,BƱBBLE,"lo-fi, lo-fi beats",https://open.spotify.com/track/7KZSejc5H3a21QAIjBKFlT
dining,Fine Dining Music,Fine Dining Music | Restaurant Music | Dinner Music | Jazz Moods | ,https://open.spotify.com/playlist/5yhdUbI4Lq3oCIj3G1AqoU,Dreams,The Cooltrane Quartet,"bossa nova, lounge, jazz",https://open.spotify.com/track/0H43pBez4rNfkacpFHwlmn
dining,Fine Dining Music,Fine Dining Music | Restaurant Music | Dinner Music | Jazz Moods | ,https://open.spotify.com/playlist/5yhdUbI4Lq3oCIj3G1AqoU,Dream a Little Dream of Me,Nenei,"bossa nova, lounge",https://open.spotify.com/track/4JppKuJfgRWte7J5WTHkKu
dining,SINING - Dionela Jay R,OPM RnB (Soul Trap),https://open.spotify.com/playlist/5JjnZHVK8mj1qveoDzMpxa,sining (feat. Jay R),Dionela,"opm, pinoy r&b, p-pop, harana, pinoy hip hop",https://open.spotify.com/track/1imaIe1NEAaWnLF0BY0V6F
dining,SINING - Dionela Jay R,OPM RnB (Soul Trap),https://open.spotify.com/playlist/5JjnZHVK8mj1qveoDzMpxa,To the Moon,R.C,"pinoy r&b, pinoy hip hop",https://open.spotify.com/track/0ZiTumrb2IBq4u1h92qtvW
dining,PIANO COVERS 2025 🎹 relaxing versions of popular songs,"Famous hits, peaceful songs &amp; pop music in a peaceful mix of calming instrumental remakes for background, sleeping, dining, studying, working and more.",https://open.spotify.com/playlist/2dFYbLO2e91eiXispfv616,Someone You Loved - Piano Version,Flying Fingers,,https://open.spotify.com/track/5gfVUrKzYPQ8wocsJZinPY
dining,PIANO COVERS 2025 🎹 relaxing versions of popular songs,"Famous hits, peaceful songs &amp; pop music in a peaceful mix of calming instrumental remakes for background, sleeping, dining, studying, working and more.",https://open.spotify.com/playlist/2dFYbLO2e91eiXispfv616,Easy On Me - Piano Version,Flying Fingers,,https://open.spotify.com/track/5icRNxZpNHSzzYyoIkyCdt
dining,INSTRUMENTAL COVERS 2025 ✨ popular songs,"Famous hits &amp; peaceful versions in a relaxing mix of acoustic music – piano, guitar &amp; strings for studying, working, dining, sleeping, and more.",https://open.spotify.com/playlist/0JUvjIUw7xzAFI3xZIz7em,Someone You Loved - Piano Version,Flying Fingers,,https://open.spotify.com/track/5gfVUrKzYPQ8wocsJZinPY
dining,INSTRUMENTAL COVERS 2025 ✨ popular songs,"Famous hits &amp; peaceful versions in a relaxing mix of acoustic music – piano, guitar &amp; strings for studying, working, dining, sleeping, and more.",https://open.spotify.com/playlist/0JUvjIUw7xzAFI3xZIz7em,Running Up That Hill (A Deal With God) - Piano Version,Henry Smith,,https://open.spotify.com/track/3k7XdOax96YAFfQ9Io5s9M
dining,Dinner Jazz in the Background,Relaxed Dinner Jazz for RESTAURANTS or at home- elevate your dining experience with carefully selected soft instrumental Jazz and Bossa Nova,https://open.spotify.com/playlist/7MoymFSafE84j9nsKeCbzt,The Illusion That Remains,Melanie Monsoon,free jazz,https://open.spotify.com/track/1IBmTD4zganEIyaoiQEUG7
dining,Dinner Jazz in the Background,Relaxed Dinner Jazz for RESTAURANTS or at home- elevate your dining experience with carefully selected soft instrumental Jazz and Bossa Nova,https://open.spotify.com/playlist/7MoymFSafE84j9nsKeCbzt,Espresso in the Rain,Liza Pirelli Jazztet,free jazz,https://open.spotify.com/track/2sFwQSBfmlyT4TSyDNOigp
brunch spot,Jazz Brunch Cafe,"Upbeat background <a href=""spotify:artist:3soQqRQIgqqYLTR62pZ8mK"">jazz songs</a> for those late sunday morning vibes of  <a href=""spotify:artist:46sC1t15ssmHP25wwVKVqQ"">great coffee</a> and happy friends! Curated by <a href=""https://Lullify.com"">Lullify.com</a>",https://open.spotify.com/playlist/56r2YxzldC5fmkoqjYgM0Z,Herman’s Habit,Justin Hurwitz,,https://open.spotify.com/track/41oyaP5oa2wdPCmz58D2ja
brunch spot,Jazz Brunch Cafe,"Upbeat background <a href=""spotify:artist:3soQqRQIgqqYLTR62pZ8mK"">jazz songs</a> for those late sunday morning vibes of  <a href=""spotify:artist:46sC1t15ssmHP25wwVKVqQ"">great coffee</a> and happy friends! Curated by <a href=""https://Lullify.com"">Lullify.com</a>",https://open.spotify.com/playlist/56r2YxzldC5fmkoqjYgM0Z,Car Ride,Jacob Ryman,,https://open.spotify.com/track/2WbZnb6m1ROSGyTMqQw2z7
brunch spot,Morning Coffee Lo-fi Beats Breakfast Brunch Morning Routine- songs with no words wordless no lyrics,Start your day with a fresh blend of the best instrumental vibes on Spotify. barista cafe lounge piano blues jazz soul chill vibe chillhop rnb r&amp;b hip hop brunch breakfast esspresso expresso mellow melancholy relax sunday french press green tea earl grey black honey sweet caffeine cappucino venti,https://open.spotify.com/playlist/2R73XYhlZxwV6TFnh267Cg,Vibe - Instrumental,Stuart Grand,,https://open.spotify.com/track/25HqQ2rH2WGqpzrbLrwOKH
brunch spot,Morning Coffee Lo-fi Beats Breakfast Brunch Morning Routine- songs with no words wordless no lyrics,Start your day with a fresh blend of the best instrumental vibes on Spotify. barista cafe lounge piano blues jazz soul chill vibe chillhop rnb r&amp;b hip hop brunch breakfast esspresso expresso mellow melancholy relax sunday french press green tea earl grey black honey sweet caffeine cappucino venti,https://open.spotify.com/playlist/2R73XYhlZxwV6TFnh267Cg,Sapphire,Stuart Grand,,https://open.spotify.com/track/7M5w39BKAP5PzPJYNZyZU3
brunch spot,Williamsburg Brunch,"Brunch indie, electro &amp; pop. Hang out with friends + delicious tunes: <a href=""https://open.spotify.com/artist/7CajNmpbOovFoOoasH2HaY"">Calvin Harris</a> and <a href=""https://open.spotify.com/artist/6LuN9FCkKOj5PcnpouEgny"">Khalid</a>.",https://open.spotify.com/playlist/5ZAGEfgXQF4vbM8nY69J3d,Talk Too Much,COIN,,https://open.spotify.com/track/7FX3ZWE70VRjsprg5oeECc
brunch spot,Williamsburg Brunch,"Brunch indie, electro &amp; pop. Hang out with friends + delicious tunes: <a href=""https://open.spotify.com/artist/7CajNmpbOovFoOoasH2HaY"">Calvin Harris</a> and <a href=""https://open.spotify.com/artist/6LuN9FCkKOj5PcnpouEgny"">Khalid</a>.",https://open.spotify.com/playlist/5ZAGEfgXQF4vbM8nY69J3d,Losing All Sense,Grizzly Bear,"indie, indie rock, baroque pop",https://open.spotify.com/track/2ZRvcRcKdwQBjTAqj2XNJN
brunch spot,Brunch Vibes 2025,"The perfect playlist for your Sunday Brunch, the best hit to enjoy your coffee",https://open.spotify.com/playlist/4hzbh4rUK1xRQbgLENDzZW,Back On 74,Jungle,,https://open.spotify.com/track/19kHhX6f6EfLU7rcO3RqjO
brunch spot,Brunch Vibes 2025,"The perfect playlist for your Sunday Brunch, the best hit to enjoy your coffee",https://open.spotify.com/playlist/4hzbh4rUK1xRQbgLENDzZW,Stolen Dance,Milky Chance,,https://open.spotify.com/track/34xGLuxM0rkxhCVyMSqwJO
brunch spot,Posty 😜,We&#x27;re going to a new brunch spot that only plays Post Malone...,https://open.spotify.com/playlist/4ZrjLHvrlvsvlwt7r16JKL,Circles,Post Malone,,https://open.spotify.com/track/21jGcNKet2qwijlDFuPiPb
brunch spot,Posty 😜,We&#x27;re going to a new brunch spot that only plays Post Malone...,https://open.spotify.com/playlist/4ZrjLHvrlvsvlwt7r16JKL,Sunflower - Spider-Man: Into the Spider-Verse,Post Malone,,https://open.spotify.com/track/0RiRZpuVRbi7oqRdSMwhQY
brunch spot,Sunday Morning Brunch,"Playlist Created with https:&#x2F;&#x2F;www.tunemymusic.com?source=plcreateds that lets you transfer your playlist to Spotify from any music platform such as YouTube, Deezer etc",https://open.spotify.com/playlist/5TcjCU1wzBnajUmELn5fqR,I Want More,KALEO,,https://open.spotify.com/track/4xQRRue5qsu2tULiz7UDKi
brunch spot,Sunday Morning Brunch,"Playlist Created with https:&#x2F;&#x2F;www.tunemymusic.com?source=plcreateds that lets you transfer your playlist to Spotify from any music platform such as YouTube, Deezer etc",https://open.spotify.com/playlist/5TcjCU1wzBnajUmELn5fqR,I Will Follow You into the Dark,Death Cab for Cutie,,https://open.spotify.com/track/2ndWbjiiNBEOrlfToKlABE
brunch spot,Brunch Vibes 2025,Brunch Music Playlist.,https://open.spotify.com/playlist/0qArdRtGH391ZViSJhQJ16,Budapest,George Ezra,,https://open.spotify.com/track/0vLOW8rRHykv7zMz15R3mS
brunch spot,Brunch Vibes 2025,Brunch Music Playlist.,https://open.spotify.com/playlist/0qArdRtGH391ZViSJhQJ16,Love On Top,Beyoncé,,https://open.spotify.com/track/1z6WtY7X4HQJvzxC4UgkSf
bistro,Cafe Bistro Music,French cafe and Italian bistro music perfect for relaxing with wine and friends...,https://open.spotify.com/playlist/54Q8b26g4Re2FfhTwsjUP7,Afternoons in France,Cafe Jazz Deluxe France,,https://open.spotify.com/track/3djTEklXrNlBDJ2kA5XW3t
bistro,Cafe Bistro Music,French cafe and Italian bistro music perfect for relaxing with wine and friends...,https://open.spotify.com/playlist/54Q8b26g4Re2FfhTwsjUP7,"Anyone Can Cook - From ""Ratatouille""/Score",Michael Giacchino,soundtrack,https://open.spotify.com/track/1IdFe95mbPPBTRghaIgXcy
bistro,Italian Cafe & Bistro,Romantic &amp; relaxing music of Italy to set an atmospheric background to any occasion! Check out my profile for more – thanks!,https://open.spotify.com/playlist/5JUdMDPn1dVKnYKwFitPp7,Sei Nei Miei Sogni,Massimo Pauselli,,https://open.spotify.com/track/6gjgZzwxhA8gVroS5i3Te2
bistro,Italian Cafe & Bistro,Romantic &amp; relaxing music of Italy to set an atmospheric background to any occasion! Check out my profile for more – thanks!,https://open.spotify.com/playlist/5JUdMDPn1dVKnYKwFitPp7,Fellini Days,Italian Social Club,,https://open.spotify.com/track/2viYKNDX5KOD8FTZ2pFAkq
bistro,FRENCH 🇨🇵 BISTRO,"Play it, close your eyes and feel the genuine French bistro mood!🥂🍾🍽🪗",https://open.spotify.com/playlist/2m4XOon17aWfQj4EKvj0Fm,Sous le ciel de Paris,Jill Barber,french jazz,https://open.spotify.com/track/4KFYXgFJlXFZXyNF3Bpo03
bistro,FRENCH 🇨🇵 BISTRO,"Play it, close your eyes and feel the genuine French bistro mood!🥂🍾🍽🪗",https://open.spotify.com/playlist/2m4XOon17aWfQj4EKvj0Fm,Paris au mois de Septembre,Tatiana Eva-Marie,"french jazz, swing music",https://open.spotify.com/track/0yiceYla4AAbKxMDfUzHsv
bar,💗Old barbie Songs💗,💗🦋🌸,https://open.spotify.com/playlist/10QE37jdUqCeA8Rs7vHzIj,I Am a Girl Like You,Annapantsu,,https://open.spotify.com/track/6fDQSwDPXQF17uqZ3uFrdt
bar,💗Old barbie Songs💗,💗🦋🌸,https://open.spotify.com/playlist/10QE37jdUqCeA8Rs7vHzIj,Barbie and the 12 Dancing Princesses Theme,Annapantsu,,https://open.spotify.com/track/0tE6SwfTr2rp3Fdb4HUb7X
bar,I'M A BARBIE GIRL IN A BARBIE WORLD!,100% Barbie would LOVE this playlist cause is the most pink playlist EVER!!! 🩷🌺🌸🎀👛💗,https://open.spotify.com/playlist/04lVWQw83K7cBqSLvnNpJr,Barbie Girl,Aqua,"europop, eurodance",https://open.spotify.com/track/05wZ5RosKZ9Cfp2VQagCAu
bar,I'M A BARBIE GIRL IN A BARBIE WORLD!,100% Barbie would LOVE this playlist cause is the most pink playlist EVER!!! 🩷🌺🌸🎀👛💗,https://open.spotify.com/playlist/04lVWQw83K7cBqSLvnNpJr,Barbie World (with Aqua) [From Barbie The Album],Nicki Minaj,,https://open.spotify.com/track/741UUVE2kuITl0c6zuqqbO
bar,jazz bar in nyc🎷,one day I will visit a jazz bar and do nothing but listen… like the movies🎷,https://open.spotify.com/playlist/26Zi3qLKC9cAWDs7wbbSzc,But Not For Me - Vocal Version,Chet Baker,"jazz, cool jazz, vocal jazz",https://open.spotify.com/track/3pfbQmD5xGH9Tcc7GqGfSL
bar,jazz bar in nyc🎷,one day I will visit a jazz bar and do nothing but listen… like the movies🎷,https://open.spotify.com/playlist/26Zi3qLKC9cAWDs7wbbSzc,Solitude,Billie Holiday,"jazz, vocal jazz, jazz blues, big band",https://open.spotify.com/track/30QD4VRP9yEneOh0eGTrtJ
bar,BARRY WHITE'S GREATEST HITS.,The best of Barry White in one playlist.,https://open.spotify.com/playlist/6HQ8JIoNnAupZ3y1Ekkf55,"Can't Get Enough Of Your Love, Babe",Barry White,"disco, soul, quiet storm, philly soul",https://open.spotify.com/track/3mWpUEBYnv9SIFWfixSJFx
bar,BARRY WHITE'S GREATEST HITS.,The best of Barry White in one playlist.,https://open.spotify.com/playlist/6HQ8JIoNnAupZ3y1Ekkf55,Let The Music Play - Single Version,Barry White,"disco, soul, quiet storm, philly soul",https://open.spotify.com/track/75pBjCi8cxfkp4xd68uo6O
japanese restaurant,80/90s Japanese City Pop,"thanks for all the follows, i love you all!! &lt;3&lt;3",https://open.spotify.com/playlist/0nz3cRJG7ZdCzdWQmIPp56,Mayonaka no Door / Stay With Me,Miki Matsubara,"city pop, j-pop",https://open.spotify.com/track/2BHj31ufdEqVK5CkYDp9mA
japanese restaurant,80/90s Japanese City Pop,"thanks for all the follows, i love you all!! &lt;3&lt;3",https://open.spotify.com/playlist/0nz3cRJG7ZdCzdWQmIPp56,Flyday Chinatown by Yasuha,MesmoLate,,https://open.spotify.com/track/5N6lcz1UZJVaX2gFjREz5c
japanese restaurant,"Sushi Nights - Japanese Music | Traditional Asian Vibes, Peaceful Instrumental, Guitar, Piano, OSTs","A collection of the best japanese music for your Sushi Nights with friends, curated by <a href=""https://wanderworldmusic.com"">WWM</a>. - lounge, restaurant, wasabi, dreamy, piano, flute, guitar, anime, movies, ost, soundtracks, epic, emotional, themes, relax, chill, calm, peaceful, meditate, focus",https://open.spotify.com/playlist/295sjg2ddSClZhzExHh4dT,Natsukashi,Koide Akinori,,https://open.spotify.com/track/44flzAsOaO2sLtyFw14QTN
japanese restaurant,"Sushi Nights - Japanese Music | Traditional Asian Vibes, Peaceful Instrumental, Guitar, Piano, OSTs","A collection of the best japanese music for your Sushi Nights with friends, curated by <a href=""https://wanderworldmusic.com"">WWM</a>. - lounge, restaurant, wasabi, dreamy, piano, flute, guitar, anime, movies, ost, soundtracks, epic, emotional, themes, relax, chill, calm, peaceful, meditate, focus",https://open.spotify.com/playlist/295sjg2ddSClZhzExHh4dT,Cherry Blossoms,Kairos,,https://open.spotify.com/track/2d7EY7wxqWaQASrYAJlwN6
japanese restaurant,Tokyo City Cafe 日本 Coffee Shop,"Chill, minimalist, eclectic coffeehouse music from Japan. 日本からの冷静で折衷的な喫茶店の音楽。",https://open.spotify.com/playlist/72IkXOy3MrD0wqLrC3ZLrA,水辺の妖精,Ichiko Aoba,"japanese indie, shibuya-kei",https://open.spotify.com/track/2P2wemLwMXQ3G6Rox8lqjq
japanese restaurant,Tokyo City Cafe 日本 Coffee Shop,"Chill, minimalist, eclectic coffeehouse music from Japan. 日本からの冷静で折衷的な喫茶店の音楽。",https://open.spotify.com/playlist/72IkXOy3MrD0wqLrC3ZLrA,あいがあって,Oh Shu,japanese indie,https://open.spotify.com/track/7EaEOkIanN1ytCFU2rsqlC
japanese restaurant,🌸JAPANESE GARDEN🌸,traditional japanese music for relaxing and gaming,https://open.spotify.com/playlist/45er4vzivD9kQghbeyJ9kf,Haru no Umi (the Sea in Spring) [arr. J. Hirota],Joji Hirota,"japanese classical, traditional music",https://open.spotify.com/track/0qlKAAvaxxPnNqTHppg0x0
japanese restaurant,🌸JAPANESE GARDEN🌸,traditional japanese music for relaxing and gaming,https://open.spotify.com/playlist/45er4vzivD9kQghbeyJ9kf,Yamaji,Kozo Madura,,https://open.spotify.com/track/6Nar2GcYiNuUWeXuteK3py
sushi bar,"Sushi Nights - Japanese Music | Traditional Asian Vibes, Peaceful Instrumental, Guitar, Piano, OSTs","A collection of the best japanese music for your Sushi Nights with friends, curated by <a href=""https://wanderworldmusic.com"">WWM</a>. - lounge, restaurant, wasabi, dreamy, piano, flute, guitar, anime, movies, ost, soundtracks, epic, emotional, themes, relax, chill, calm, peaceful, meditate, focus",https://open.spotify.com/playlist/295sjg2ddSClZhzExHh4dT,Natsukashi,Koide Akinori,,https://open.spotify.com/track/44flzAsOaO2sLtyFw14QTN
sushi bar,"Sushi Nights - Japanese Music | Traditional Asian Vibes, Peaceful Instrumental, Guitar, Piano, OSTs","A collection of the best japanese music for your Sushi Nights with friends, curated by <a href=""https://wanderworldmusic.com"">WWM</a>. - lounge, restaurant, wasabi, dreamy, piano, flute, guitar, anime, movies, ost, soundtracks, epic, emotional, themes, relax, chill, calm, peaceful, meditate, focus",https://open.spotify.com/playlist/295sjg2ddSClZhzExHh4dT,Cherry Blossoms,Kairos,,https://open.spotify.com/track/2d7EY7wxqWaQASrYAJlwN6
sushi bar,Sushi Lounge 🍣 Chill Background Music,Lounge music for your Sushi Night 🍣 Sushi Date - Sushi Restaurant - Dinner - Sushi Nights - Sushi Bar,https://open.spotify.com/playlist/4YsZ5hHBWeCLgjquivdB1O,Cold Heart - PNAU Remix,Elton John,,https://open.spotify.com/track/6zSpb8dQRaw0M1dK8PBwQz
sushi bar,Sushi Lounge 🍣 Chill Background Music,Lounge music for your Sushi Night 🍣 Sushi Date - Sushi Restaurant - Dinner - Sushi Nights - Sushi Bar,https://open.spotify.com/playlist/4YsZ5hHBWeCLgjquivdB1O,Beautiful Things,Mecdoux,lounge,https://open.spotify.com/track/3xHKRoHhGEFFomtkSPHsUH
sushi bar,Sushi Lounge Restaurant ,Updated weekly with the hits of the moment: Lounge - Chill Out - Pop Music | Lounge Restaurant - Sushi Club - Soft Sound - Relax Mood - Ristorante Lounge - Aperitif Time - Aperitivo Lounge - Cocktail Party - Lounge Bar ,https://open.spotify.com/playlist/12ygetWhkGraQJXNHV0ZCr,Solfa (Tila),Francis Mercier,"afro house, melodic house, latin house, tribal house, house",https://open.spotify.com/track/0UjVEZKFVuWOiQwsrikOoP
sushi bar,Sushi Lounge Restaurant ,Updated weekly with the hits of the moment: Lounge - Chill Out - Pop Music | Lounge Restaurant - Sushi Club - Soft Sound - Relax Mood - Ristorante Lounge - Aperitif Time - Aperitivo Lounge - Cocktail Party - Lounge Bar ,https://open.spotify.com/playlist/12ygetWhkGraQJXNHV0ZCr,Location,Zerb,afro house,https://open.spotify.com/track/6Ilomcr9iLplsgAvZjHkJP
sushi bar,Restaurant Lounge Music 🍝🍷🍴 Dinner Chill 2025 ,"The best lounge hits to compliment your food &amp; drinks! ( Dinner Vibes, Hotel Lounge, Lunch, Friends, Lounge Bar, Food, Sushi, Apero, Deep House, Holiday, Cosy Songs, Chill House, Chillout, Relax, Cocktail, Smooth, Chill Background Music, Eten, Manger, Essen, Abendessen, Dejeuner, Eating, Skybar )",https://open.spotify.com/playlist/1uR22H9Nu6BiwN1NRfVOMl,It Runs Through Me (feat. De La Soul),Tom Misch,,https://open.spotify.com/track/0vMctOnb4YNIvbqgkbWNDy
sushi bar,Restaurant Lounge Music 🍝🍷🍴 Dinner Chill 2025 ,"The best lounge hits to compliment your food &amp; drinks! ( Dinner Vibes, Hotel Lounge, Lunch, Friends, Lounge Bar, Food, Sushi, Apero, Deep House, Holiday, Cosy Songs, Chill House, Chillout, Relax, Cocktail, Smooth, Chill Background Music, Eten, Manger, Essen, Abendessen, Dejeuner, Eating, Skybar )",https://open.spotify.com/playlist/1uR22H9Nu6BiwN1NRfVOMl,Something About You,Hayden James,,https://open.spotify.com/track/5n9DJWUiwuKuPE9sCVbQ0n
sushi bar,Sushi-bar Speakeasy 🎏,Japanese fusion music immersed in oriental styled speakeasy bar | shuffle and itadakimasu 🍣🍹 ,https://open.spotify.com/playlist/2MzUb79N6kHAqY1bihmiFY,ラビリンス,Mondo Grosso,"shibuya-kei, j-dance, city pop, japanese indie, acid jazz, j-r&b",https://open.spotify.com/track/3K2zyJhcnMMA6yOdR6hOW7
sushi bar,Sushi-bar Speakeasy 🎏,Japanese fusion music immersed in oriental styled speakeasy bar | shuffle and itadakimasu 🍣🍹 ,https://open.spotify.com/playlist/2MzUb79N6kHAqY1bihmiFY,Night Birds (feat. Froya & 宮脇翔平),Tokimeki Records,"city pop, j-r&b, j-pop",https://open.spotify.com/track/2cgh33trwcxse6qx4ySYfp
izakaya,Japanese Izakaya Sake Bar,Sake night music at an Izakaya in Osaka.,https://open.spotify.com/playlist/7bRB4CMZvqeaaMzVL6j8EW,ブリーズ,稲垣次郎とソウル・メディア,"jazz fusion, jazz funk, jazz",https://open.spotify.com/track/2llFlNkPX4hW1M3HLdEMBm
izakaya,Japanese Izakaya Sake Bar,Sake night music at an Izakaya in Osaka.,https://open.spotify.com/playlist/7bRB4CMZvqeaaMzVL6j8EW,ビリンバウ,Hiromitsu Agatsuma,"japanese classical, traditional music",https://open.spotify.com/track/364BA7lvmGQ5MPiRI5gaNc
izakaya,Japanese bangers 🇯🇵,Best Izakaya songs,https://open.spotify.com/playlist/52MS6KxKgdMrqIjnZ46G79,まちがいさがし,SUDA MASAKI,j-pop,https://open.spotify.com/track/55Ww4Pa1iIQMhh0MLMetjo
izakaya,Japanese bangers 🇯🇵,Best Izakaya songs,https://open.spotify.com/playlist/52MS6KxKgdMrqIjnZ46G79,Mayonaka no Door / Stay With Me,Miki Matsubara,"city pop, j-pop",https://open.spotify.com/track/2BHj31ufdEqVK5CkYDp9mA
izakaya,Izakaya Japanese Cuisine,"Playlist of Izakaya Japanese Cuisine , Porto",https://open.spotify.com/playlist/3HTLBM4kAZuo7ineA4mfSy,Night over Manaus,Boozoo Bajou,"downtempo, nu jazz, trip hop, acid jazz, lounge",https://open.spotify.com/track/23jbfWs739EBZEl4xWYiVl
izakaya,Izakaya Japanese Cuisine,"Playlist of Izakaya Japanese Cuisine , Porto",https://open.spotify.com/playlist/3HTLBM4kAZuo7ineA4mfSy,So Flute,St Germain,"jazz house, nu jazz, acid jazz, downtempo, lounge",https://open.spotify.com/track/1XAzFYJR94m9T4AgshhO99
dim sum,The 5th Dimension: Greatest Hits,"Celebrate the Summer of Soul by revisting these 5th Dimension classics featuring Aquarius, Up, Up and Away, Stoned Soul Picnic and more.",https://open.spotify.com/playlist/4BDxOJPGR2QV9knYltiTtv,"Aquarius/Let The Sunshine In (The Flesh Failures) - From the Musical ""Hair""",The 5th Dimension,,https://open.spotify.com/track/0HZlND4giwzgolBpaNIRGV
dim sum,The 5th Dimension: Greatest Hits,"Celebrate the Summer of Soul by revisting these 5th Dimension classics featuring Aquarius, Up, Up and Away, Stoned Soul Picnic and more.",https://open.spotify.com/playlist/4BDxOJPGR2QV9knYltiTtv,"Up, Up and Away",The 5th Dimension,,https://open.spotify.com/track/3JdToGxgvH9SnO1a605Ztr
dim sum,Greek Summer Mix 2025,Μόνο τα καλύτερα Ελληνικά τραγούδια. For submissions: dimitris_eliadis (Instagram),https://open.spotify.com/playlist/73sM30vQB6TlZIJLjse6Sp,Ap' Ton Ourano,Giorgos Sabanis,"laïko, entehno",https://open.spotify.com/track/1QcHKq0Y7pue3WYWVmmIGS
dim sum,Greek Summer Mix 2025,Μόνο τα καλύτερα Ελληνικά τραγούδια. For submissions: dimitris_eliadis (Instagram),https://open.spotify.com/playlist/73sM30vQB6TlZIJLjse6Sp,Kathreftis,APON,laïko,https://open.spotify.com/track/4azlWSauf9tzq8otYeEM5U
dim sum,Ibiza Summer Mix 2025 TOP  100🌴 Sunset Vibes Deep House Afro House Party Lounge Chill Soft House,"Coldplay,  Kygo, Robin Schulz, Dua Lipa, Deepend, Meduza, Hugel,  Adam Port, Mr. Probz, Dimitri Vegas &amp; Like Mike, Regard, Black Coffee, David Guetta ... Deep House Music Chill Out Mix  - House Mix Top 100 - Selected Top 100 - Tropical House - Deep House - Tech House - Party - Sunset Vibes",https://open.spotify.com/playlist/3biXo7KgVhtdZZ8vTFwlQi,Houdini - Adam Port Mix,Dua Lipa,pop,https://open.spotify.com/track/5bGNsC7FTQ3WZzz0XYOmvZ
dim sum,Ibiza Summer Mix 2025 TOP  100🌴 Sunset Vibes Deep House Afro House Party Lounge Chill Soft House,"Coldplay,  Kygo, Robin Schulz, Dua Lipa, Deepend, Meduza, Hugel,  Adam Port, Mr. Probz, Dimitri Vegas &amp; Like Mike, Regard, Black Coffee, David Guetta ... Deep House Music Chill Out Mix  - House Mix Top 100 - Selected Top 100 - Tropical House - Deep House - Tech House - Party - Sunset Vibes",https://open.spotify.com/playlist/3biXo7KgVhtdZZ8vTFwlQi,Move,Adam Port,"afro house, house",https://open.spotify.com/track/1BJJbSX6muJVF2AK7uH1x4
Vegan Restaurant,good afternoon,"Fully inspired by my Maya. Dif vibe this time, it’s kind of like millennial-run, chill vegan restaurant",https://open.spotify.com/playlist/33oa95ATRtkNhApnTwVX7e,Lou's Tune,DARGZ,,https://open.spotify.com/track/5crkOzXbUZ5SOSkSat7g4T
Vegan Restaurant,good afternoon,"Fully inspired by my Maya. Dif vibe this time, it’s kind of like millennial-run, chill vegan restaurant",https://open.spotify.com/playlist/33oa95ATRtkNhApnTwVX7e,Dominoes,Jungle,,https://open.spotify.com/track/59rkTkputMqoxunf9IRzOc
Vegan Restaurant,Epic Dining,Actively curated playlist inspired by dinner music heard at the fabulous Epic vegan restaurant in Cabo San Lucas. (Mostly electro-bossa mixed with select tracks.),https://open.spotify.com/playlist/1O0QoatngS8XFBo7wjHDoN,Parece Mentira,Katia B,,https://open.spotify.com/track/3HXjqdaRm8R1p3E7Lzqwfc
Vegan Restaurant,Epic Dining,Actively curated playlist inspired by dinner music heard at the fabulous Epic vegan restaurant in Cabo San Lucas. (Mostly electro-bossa mixed with select tracks.),https://open.spotify.com/playlist/1O0QoatngS8XFBo7wjHDoN,Samba da Bencao,Gabrielle Chiararo,"bossa nova, lounge",https://open.spotify.com/track/1GHGF9hEwJLme7S9w1pqsK
Vegan Restaurant,i tink i’m stawting to have a weawy good time at dis vegan westauwant ,plot twist: you were always having a good time at this vegan restaurant ,https://open.spotify.com/playlist/55C4fJZgrE1XEVcsfvp7E4,Bitch,Meredith Brooks,,https://open.spotify.com/track/3i6qNxyVgIdUZTTi5m25EM
Vegan Restaurant,i tink i’m stawting to have a weawy good time at dis vegan westauwant ,plot twist: you were always having a good time at this vegan restaurant ,https://open.spotify.com/playlist/55C4fJZgrE1XEVcsfvp7E4,No Excuses,Alice In Chains,"grunge, post-grunge",https://open.spotify.com/track/4PtZE0h5oyPhCtPjg3NeYQ
Vegan Restaurant,Vegan Restaurant Vibes,Curated with AI.,https://open.spotify.com/playlist/6H3an9a8BBoSPPtpAjF3sw,Couldn't Seal The Deal,Rudy De Anda,"latin indie, retro soul",https://open.spotify.com/track/4GZ61USOfH8M2EsWBdKzg1
Vegan Restaurant,Vegan Restaurant Vibes,Curated with AI.,https://open.spotify.com/playlist/6H3an9a8BBoSPPtpAjF3sw,Só Danço Samba,Stan Getz,"bossa nova, jazz, brazilian jazz, cool jazz, latin jazz",https://open.spotify.com/track/5je0CDv1Z1hT82Nek1Fjhl
buffet,Jimmy Buffett Beach Mix,Favorite Buffett tunes to evoke that Florida beach feel,https://open.spotify.com/playlist/2ZRm4j605zCxtcNQW4qhTE,Trying To Reason With Hurricane Season,Jimmy Buffett,,https://open.spotify.com/track/2aT4FycQXXc4SkD2Sdm9YJ
buffet,Jimmy Buffett Beach Mix,Favorite Buffett tunes to evoke that Florida beach feel,https://open.spotify.com/playlist/2ZRm4j605zCxtcNQW4qhTE,Nautical Wheelers,Jimmy Buffett,,https://open.spotify.com/track/5IBamKd3oJAQV1yCSuONm1
buffet,Songs You Know by Heart,Jimmy Buffet,https://open.spotify.com/playlist/30lWosVSdjHnaAbNLjq96y,Cheeseburger In Paradise,Jimmy Buffett,,https://open.spotify.com/track/6VeZ970uI0Yi6sjBgyFBrp
buffet,Songs You Know by Heart,Jimmy Buffet,https://open.spotify.com/playlist/30lWosVSdjHnaAbNLjq96y,He Went To Paris,Jimmy Buffett,,https://open.spotify.com/track/0MSbGV0xfCgS1H6lKpjIKM
buffet,Beach Songs ☀️🌴,"Jimmy Buffett, Kenny Chesney, Zac Brown, Bob Marley and all your favorite  tunes to get you into that Summer Music Vibe.",https://open.spotify.com/playlist/1fkDgBQwW1WznebPh6kVeK,Knee Deep (feat. Jimmy Buffett),Zac Brown Band,"country, acoustic country",https://open.spotify.com/track/60IGhnH20N82dNxKnc8jDd
buffet,Beach Songs ☀️🌴,"Jimmy Buffett, Kenny Chesney, Zac Brown, Bob Marley and all your favorite  tunes to get you into that Summer Music Vibe.",https://open.spotify.com/playlist/1fkDgBQwW1WznebPh6kVeK,Summertime,Kenny Chesney,country,https://open.spotify.com/track/3cE5ltZFHmBpiS77itKaOM
seafood restaurant,seafood restaurant vibes ,aka reggae but uhhh- (3 year update:) when tf did ppl start saving this wtf,https://open.spotify.com/playlist/6HMRDR5wwpRKw7Eq1fPlJ0,Under the Boardwalk,The Drifters,"doo-wop, motown",https://open.spotify.com/track/65jrjEhWfAvysKfnojk1i0
seafood restaurant,seafood restaurant vibes ,aka reggae but uhhh- (3 year update:) when tf did ppl start saving this wtf,https://open.spotify.com/playlist/6HMRDR5wwpRKw7Eq1fPlJ0,Don't Worry Be Happy,Bobby McFerrin,,https://open.spotify.com/track/4hObp5bmIJ3PP3cKA9K9GY
seafood restaurant,Yacht rock,the soundtrack of any seafood restaurant.,https://open.spotify.com/playlist/4f7LQXvrRZ2ampxZy5uTOo,Dreams - 2004 Remaster,Fleetwood Mac,"classic rock, soft rock",https://open.spotify.com/track/0ofHAoxe9vBkTCp2UQIavz
seafood restaurant,Yacht rock,the soundtrack of any seafood restaurant.,https://open.spotify.com/playlist/4f7LQXvrRZ2ampxZy5uTOo,Gypsy,Fleetwood Mac,"classic rock, soft rock",https://open.spotify.com/track/19Ym5Sg0YyOCa6ao21bdoG
seafood restaurant,BISTRO ORGANICO DINNER,"Bistro Orgánico - within hotelcielororjo.com -  is a plant and seafood based restaurant that celebrates fresh local flavors. We strive to create an entirely organic menu and environment that supports health and sustainability for you, our community and the planet. ",https://open.spotify.com/playlist/5sv1Wt1Vm2YXUAFDnvWKDQ,Tenor Man,The Greyboy Allstars,"jazz funk, acid jazz",https://open.spotify.com/track/50nlWtgXMXPXsDK2zkgtv9
seafood restaurant,BISTRO ORGANICO DINNER,"Bistro Orgánico - within hotelcielororjo.com -  is a plant and seafood based restaurant that celebrates fresh local flavors. We strive to create an entirely organic menu and environment that supports health and sustainability for you, our community and the planet. ",https://open.spotify.com/playlist/5sv1Wt1Vm2YXUAFDnvWKDQ,Missing Me,Lack Of Afro,,https://open.spotify.com/track/7BnJoLoOxYrNxzo6Hs0J7k
hamburger,hamburger cheeseburger  big mac whopper,HAMMMMMBBBBBBBBBBBUUUUUUUUUURRRRRRRRRRGGGGGGGEEEEEEEEEEEERRRRRRRRRRR🍔🍔🍔🍔🍔🍔🍔🍔🍔🍔🍔🍔🍔🍔🍔🍔🍔🍔🍔🍔🍔🍔🍔🍔🍔🍔🍔🍔🍔🍔🍔🍔🍔🍔🍔🍔🍔🍔🍔,https://open.spotify.com/playlist/63hucxSGGbIP1lq9f1YEWE,Hamburger Song,Big Willy Status,,https://open.spotify.com/track/7eYO1fWENALLjdXo8KV2Ji
hamburger,hamburger cheeseburger  big mac whopper,HAMMMMMBBBBBBBBBBBUUUUUUUUUURRRRRRRRRRGGGGGGGEEEEEEEEEEEERRRRRRRRRRR🍔🍔🍔🍔🍔🍔🍔🍔🍔🍔🍔🍔🍔🍔🍔🍔🍔🍔🍔🍔🍔🍔🍔🍔🍔🍔🍔🍔🍔🍔🍔🍔🍔🍔🍔🍔🍔🍔🍔,https://open.spotify.com/playlist/63hucxSGGbIP1lq9f1YEWE,Chicken Nugget,Big Willy Status,,https://open.spotify.com/track/338oeaeZPSXrladybDtAfW
hamburger,This is Joji but this playlist is better,HAMBURGER PLS,https://open.spotify.com/playlist/4B7hhOzPY3Fb2yPirizshx,Glimpse of Us,Joji,,https://open.spotify.com/track/4ewazQLXFTDC8XvCbhvtXs
hamburger,This is Joji but this playlist is better,HAMBURGER PLS,https://open.spotify.com/playlist/4B7hhOzPY3Fb2yPirizshx,Feeling Like The End,Joji,,https://open.spotify.com/track/1abwytAhbWeHrbsA9eODOy
hamburger,hamburger,🧛🏻,https://open.spotify.com/playlist/22pUTLVNPtDRd7sXs3Wcdo,SKITZO (feat. Young Thug),Travis Scott,rap,https://open.spotify.com/track/0bkV1iQHSxBaksUqgEkcbc
hamburger,hamburger,🧛🏻,https://open.spotify.com/playlist/22pUTLVNPtDRd7sXs3Wcdo,Blood On The Leaves,Kanye West,rap,https://open.spotify.com/track/42GcjriRK6srwHkfbkBqVl
hamburger,Hamburger,                      *grilled cheese obomna*    ,https://open.spotify.com/playlist/1azjsnTonwjM38F9zYex4m,overwhelmed - Chri$tian Gate$ remix,Royal & the Serpent,,https://open.spotify.com/track/4Kh6cq3XgOGUK9yXQu7RTq
hamburger,Hamburger,                      *grilled cheese obomna*    ,https://open.spotify.com/playlist/1azjsnTonwjM38F9zYex4m,House of Memories,Panic! At The Disco,emo,https://open.spotify.com/track/2DgdHcjWmO3qd50RzuBLgZ
hamburger,I AM EATING HAMBURGERS !!,"AND POTATOS EVERY DAY, YAYY !!! 💓",https://open.spotify.com/playlist/2uuNsaHuNNgJdJ68Brcx2B,明日なき暴走！クラウンピースを追い詰めろ,IOSYS,vocaloid,https://open.spotify.com/track/5I0D3A5Um5fPkDngCDS53R
hamburger,I AM EATING HAMBURGERS !!,"AND POTATOS EVERY DAY, YAYY !!! 💓",https://open.spotify.com/playlist/2uuNsaHuNNgJdJ68Brcx2B,お空のニュークリアフュージョン道場,IOSYS,vocaloid,https://open.spotify.com/track/3bJ4hFe6y8OymZ7RUu0YBD
fast food restaurant,Fast Food Music 2025🍔 Restaurant Pop Hits,"The best fast food song music playlist, perfect to keep your customers happy while their eating ! fast food playlist - fast food restaurant songs - fast food music - fast food songs",https://open.spotify.com/playlist/64CcRf28oPUbCHia9FUvJL,Die With A Smile,Lady Gaga,"art pop, pop",https://open.spotify.com/track/2plbrEY59IikOBgBGLjaoe
fast food restaurant,Fast Food Music 2025🍔 Restaurant Pop Hits,"The best fast food song music playlist, perfect to keep your customers happy while their eating ! fast food playlist - fast food restaurant songs - fast food music - fast food songs",https://open.spotify.com/playlist/64CcRf28oPUbCHia9FUvJL,BIRDS OF A FEATHER,Billie Eilish,,https://open.spotify.com/track/6dOtVTDdiauQNBQEDOtlAB
fast food restaurant,Fast Food Music 2025 🍔 Restaurant Pop Hits,"The best fast food song music playlist, perfect to keep your customers happy while their eating ! fast food playlist - fast food restaurant songs - fast food music - fast food songs",https://open.spotify.com/playlist/28ntmXeQ6Ri1Y1YGAuRVHh,Die With A Smile,Lady Gaga,"art pop, pop",https://open.spotify.com/track/2plbrEY59IikOBgBGLjaoe
fast food restaurant,Fast Food Music 2025 🍔 Restaurant Pop Hits,"The best fast food song music playlist, perfect to keep your customers happy while their eating ! fast food playlist - fast food restaurant songs - fast food music - fast food songs",https://open.spotify.com/playlist/28ntmXeQ6Ri1Y1YGAuRVHh,BIRDS OF A FEATHER,Billie Eilish,,https://open.spotify.com/track/6dOtVTDdiauQNBQEDOtlAB
fast food restaurant,Music for Fast Food Restaurants - Jukeboxy,"This shuffled playlist offers a diverse listening experience with songs from different decades, making it perfect for fast food restaurants looking to create an energetic yet varied atmosphere for their customers.",https://open.spotify.com/playlist/0RiVkqglSB8jIFYaLkFFGe,Don't Stop Me Now - Remastered 2011,Queen,"classic rock, rock, glam rock",https://open.spotify.com/track/5T8EDUDqKcs6OSOwEsfqG7
fast food restaurant,Music for Fast Food Restaurants - Jukeboxy,"This shuffled playlist offers a diverse listening experience with songs from different decades, making it perfect for fast food restaurants looking to create an energetic yet varied atmosphere for their customers.",https://open.spotify.com/playlist/0RiVkqglSB8jIFYaLkFFGe,Dynamite,BTS,k-pop,https://open.spotify.com/track/72IwoG8tqvIWV10IHjpNNA
fast food restaurant,fancy restaurant music,somehow they always play 50s jazz about love,https://open.spotify.com/playlist/3petyilOTFbgqkgjEmASzk,Easy Living,Billie Holiday,"jazz, vocal jazz, jazz blues, big band",https://open.spotify.com/track/0XsbCr34semDxq0ZX84BCh
fast food restaurant,fancy restaurant music,somehow they always play 50s jazz about love,https://open.spotify.com/playlist/3petyilOTFbgqkgjEmASzk,La vie en rose,Louis Armstrong,"jazz, swing music, big band, vocal jazz, jazz blues",https://open.spotify.com/track/5IIybI1oiOCY3DRUrpQ7zA
fast food restaurant,🍔 McDonald's 🍟 Music Playlist • Fast Food Restaurant Music • Burger King ▷ Wendy's ▷ Subway ▷ KFC,"The best music played on the most famous Fast Food Restaurants around the world. McDonald's, Burger King, Wendy's, Starbucks, TacoBell, Subway, Kentucky Fried Chicken.",https://open.spotify.com/playlist/6oJtGZfZzgbCIHZ6TwcvcA,Golden Hour,Vale Ramirez,,https://open.spotify.com/track/0sHKjKvFEcvFf0dqUTSnnU
fast food restaurant,🍔 McDonald's 🍟 Music Playlist • Fast Food Restaurant Music • Burger King ▷ Wendy's ▷ Subway ▷ KFC,"The best music played on the most famous Fast Food Restaurants around the world. McDonald's, Burger King, Wendy's, Starbucks, TacoBell, Subway, Kentucky Fried Chicken.",https://open.spotify.com/playlist/6oJtGZfZzgbCIHZ6TwcvcA,Wearing My Shield,VEGEE CAU,progressive house,https://open.spotify.com/track/57lDuyJAaDZPR9BLztbtaz
bakery,ASMR No Talking ~ 662 Hours,"Dang 1,350 likes? That&#x27;s amazing! ~ Triggers for sleep without any talking or mouth noises. Starring ASMR Bakery, StacyAster, Mia Slime, ASMR Zietgeist, and others.",https://open.spotify.com/playlist/37EvgmHksyHH8S9uiIn9Kg,ASMR Guaranteed Tingles - Preview,StacyAster,,https://open.spotify.com/track/1opfC63lDIfH0haden5lgY
bakery,ASMR No Talking ~ 662 Hours,"Dang 1,350 likes? That&#x27;s amazing! ~ Triggers for sleep without any talking or mouth noises. Starring ASMR Bakery, StacyAster, Mia Slime, ASMR Zietgeist, and others.",https://open.spotify.com/playlist/37EvgmHksyHH8S9uiIn9Kg,ASMR Small Presents Crinkling Sound,StacyAster,,https://open.spotify.com/track/6xj4VbWSVp9u8c7pbPG6jW
bakery,i work in a bakery,an actual baking playlist disguised as a harry styles tribute (i made that bread),https://open.spotify.com/playlist/1lwAMCWhyhLwiOXlwckAUY,A Sunday Kind Of Love,Etta James,"soul, jazz blues, soul blues, blues, vocal jazz",https://open.spotify.com/track/0zGLlXbHlrAyBN1x6sY0rb
bakery,i work in a bakery,an actual baking playlist disguised as a harry styles tribute (i made that bread),https://open.spotify.com/playlist/1lwAMCWhyhLwiOXlwckAUY,1234,Feist,chamber pop,https://open.spotify.com/track/2CzWeyC9zlDpIOZPUUKrBW
ice cream shop,i work at an ice cream shop and i need clean music,aux for ice cream shops only😌,https://open.spotify.com/playlist/2mE9ES4W8GoYSqDCsAQMwT,Brown Eyed Girl,Van Morrison,,https://open.spotify.com/track/3yrSvpt2l1xhsV9Em88Pul
ice cream shop,i work at an ice cream shop and i need clean music,aux for ice cream shops only😌,https://open.spotify.com/playlist/2mE9ES4W8GoYSqDCsAQMwT,Island In The Sun,Weezer,alternative rock,https://open.spotify.com/track/2MLHyLy5z5l5YRp7momlgw
ice cream shop,on aux at the ice cream shop,literally my work playlist,https://open.spotify.com/playlist/0kJWiyQ4sXkaCTbCFTdSR9,Lucky Strike,Troye Sivan,,https://open.spotify.com/track/5mTJcvxRxq3uF5wUjjciDw
ice cream shop,on aux at the ice cream shop,literally my work playlist,https://open.spotify.com/playlist/0kJWiyQ4sXkaCTbCFTdSR9,3 Nights,Dominic Fike,,https://open.spotify.com/track/1tNJrcVe6gwLEiZCtprs1u
ice cream shop,Carvel Playlist 2025,"clean, chilly ice cream shoppe tunes",https://open.spotify.com/playlist/6zCTY1U4D3d4ft2cfFYtdU,The Love Club,Lorde,,https://open.spotify.com/track/2yrJ1jWo3HLksJFUqUsZE4
ice cream shop,Carvel Playlist 2025,"clean, chilly ice cream shoppe tunes",https://open.spotify.com/playlist/6zCTY1U4D3d4ft2cfFYtdU,Won't Go Home Without You,Maroon 5,pop,https://open.spotify.com/track/0tuyEYTaqLxE41yGHSsXjy
chinese restaurant,Traditional Chinese music • 中國傳統音樂 • 繁体字中国語の音楽,"Diverse collection of traditional Chinese music played on traditional Chinese instruments like erhu, pipa, guzheng and dizi flutes. Great playlist to explore the sound of ancient China!",https://open.spotify.com/playlist/6QCOn8cCy7Nwa2oyhHtfB4,Chinese Wuhan Erhu,Chinese Traditional Erhu Music,traditional music,https://open.spotify.com/track/502zLLF8xOqLVmTKvosbpT
chinese restaurant,Traditional Chinese music • 中國傳統音樂 • 繁体字中国語の音楽,"Diverse collection of traditional Chinese music played on traditional Chinese instruments like erhu, pipa, guzheng and dizi flutes. Great playlist to explore the sound of ancient China!",https://open.spotify.com/playlist/6QCOn8cCy7Nwa2oyhHtfB4,Night Thoughts,Ancient Chinese composer,,https://open.spotify.com/track/2WulXiynWYEqeFHV5gJoCh
chinese restaurant,Chinese restaurant ,Shoulder pains from making crabmeat rangoons ,https://open.spotify.com/playlist/0arv6qRWYtDdkiBaFlwoX6,Cherry Wine,grentperez,,https://open.spotify.com/track/1a1LrfgkTvfHFykIxcv8WU
chinese restaurant,Chinese restaurant ,Shoulder pains from making crabmeat rangoons ,https://open.spotify.com/playlist/0arv6qRWYtDdkiBaFlwoX6,Lost,Frank Ocean,,https://open.spotify.com/track/3GZD6HmiNUhxXYf8Gch723
chinese restaurant,Best Chinese Songs of all time,"This chinese song list is so far what i think sounds good, and u wont forget. Will update if i find more nice ones #classic",https://open.spotify.com/playlist/0cRMik0zbSVLh1aRiKfnyz,你，好不好？ - TVBS連續劇【遺憾拼圖】片尾曲,Eric Chou,"mandopop, c-pop, taiwanese pop, chinese r&b",https://open.spotify.com/track/2gug6MRv4xQFYi9LA3PJCS
chinese restaurant,Best Chinese Songs of all time,"This chinese song list is so far what i think sounds good, and u wont forget. Will update if i find more nice ones #classic",https://open.spotify.com/playlist/0cRMik0zbSVLh1aRiKfnyz,寂寞寂寞就好,Hebe Tien,"mandopop, c-pop, taiwanese pop",https://open.spotify.com/track/4LhAUjPqfLpBVNYEdPd5Go
hotpot,HOTPOT MUSIC 🍲,"ballads, lo-fi, easy listening, international pop, songs to cook meat to, the occasional banger, a little bit of everything mixed into one",https://open.spotify.com/playlist/39XyFWIa5GMa3UnKtraO0R,Call It Love,CHUNG HA,k-pop,https://open.spotify.com/track/6umBmcMxeC2kRbwCMNgElC
hotpot,HOTPOT MUSIC 🍲,"ballads, lo-fi, easy listening, international pop, songs to cook meat to, the occasional banger, a little bit of everything mixed into one",https://open.spotify.com/playlist/39XyFWIa5GMa3UnKtraO0R,让我做你的眼睛,子芮,,https://open.spotify.com/track/6WoWyHZVifDNXXDpmV7Xxg
hotpot,Ur best Viet playlist,A hotpot of Viet music | Cover: AMEE,https://open.spotify.com/playlist/4fM8xNrOkoWtO9y4XjnvYS,Say Sóng,Tăng Duy Tân,"v-pop, vinahouse, vietnamese lo-fi",https://open.spotify.com/track/4rIBbB1vt0lEKDG2UTmfP0
hotpot,Ur best Viet playlist,A hotpot of Viet music | Cover: AMEE,https://open.spotify.com/playlist/4fM8xNrOkoWtO9y4XjnvYS,thật quá đáng.. để yêu,NICKY,"v-pop, vietnamese hip hop, vietnam indie",https://open.spotify.com/track/44sYmL97Lv8mEbzgANFkPD
hotpot,最爱...火锅 - SHILIFANG HOTPOT PLAYLIST,LOOOOOOOOOOL,https://open.spotify.com/playlist/6R9LvLBuybSoZ8SUWkVHQC,像魚,王貳浪,"mandopop, c-pop",https://open.spotify.com/track/1MRRjWwqBUyoD9dC11sZ4S
hotpot,最爱...火锅 - SHILIFANG HOTPOT PLAYLIST,LOOOOOOOOOOL,https://open.spotify.com/playlist/6R9LvLBuybSoZ8SUWkVHQC,你一定要幸福,Isaac Yong,"mandopop, c-pop",https://open.spotify.com/track/3CBAIdEjO75HsYyA3FSeOQ
hotpot,2018年串烧 reel,for your midnight karaoke sessions over hotpot. If you want more of them search 大石桥联盟 on rednote. To add songs @thejeremygoh,https://open.spotify.com/playlist/20yvJHTKoAVNrxGTOsb0TE,學貓叫,小潘潘,"c-pop, mandopop",https://open.spotify.com/track/0UwQsjepDeAzUnHvd8YElk
hotpot,2018年串烧 reel,for your midnight karaoke sessions over hotpot. If you want more of them search 大石桥联盟 on rednote. To add songs @thejeremygoh,https://open.spotify.com/playlist/20yvJHTKoAVNrxGTOsb0TE,佛系少女,Feng Timo,"c-pop, mandopop, gufeng",https://open.spotify.com/track/3gVmG3biYDYG5RzHpKaNkG
bbq,BBQ Classics | 70s 80s 90s Barbecue,"Summer Barbeque grilling essentials for your backyard party. Featuring 80s Classic Rock, 70s Yacht Rock, and Country Music favorites from AC/DC, Kenny Loggins, Rick Springfield, Kansas, TOTO, Van Morrison + more!",https://open.spotify.com/playlist/098hVwvAVYKJZd5kTwm9Ra,Come and Get Your Love - Single Version,Redbone,,https://open.spotify.com/track/7GVUmCP00eSsqc4tzj1sDD
bbq,BBQ Classics | 70s 80s 90s Barbecue,"Summer Barbeque grilling essentials for your backyard party. Featuring 80s Classic Rock, 70s Yacht Rock, and Country Music favorites from AC/DC, Kenny Loggins, Rick Springfield, Kansas, TOTO, Van Morrison + more!",https://open.spotify.com/playlist/098hVwvAVYKJZd5kTwm9Ra,Mr. Blue Sky,Electric Light Orchestra,"symphonic rock, art rock",https://open.spotify.com/track/2RlgNHKcydI9sayD2Df2xp
french restaurant,French Café Lounge,"Parlez-vous français? Music from Atmospheric French Cafes, Restaurants and Pubs, Perfect for Coffee, Wine or a Romantic Evening.",https://open.spotify.com/playlist/5kKGc2b2wUmJ0dWWiJ7OwD,Take My Breath Away,Flora Martínez,"bossa nova, bolero",https://open.spotify.com/track/3B0gvjxlqRgY7stPPl3qoQ
french restaurant,French Café Lounge,"Parlez-vous français? Music from Atmospheric French Cafes, Restaurants and Pubs, Perfect for Coffee, Wine or a Romantic Evening.",https://open.spotify.com/playlist/5kKGc2b2wUmJ0dWWiJ7OwD,Dream a Little Dream of Me,Nenei,"bossa nova, lounge",https://open.spotify.com/track/4JppKuJfgRWte7J5WTHkKu
french restaurant,French Cafe Lounge,"The Official French Cafe Lounge Playlist - Over 250,000 followers and growing every day! Send requests to: kamdiba@gmail.com",https://open.spotify.com/playlist/3x6xRt9FnSbfPbgiO6incZ,Petite fleur,Sidney Bechet/Fernand Bonifay/Maria Bua,,https://open.spotify.com/track/5z7NjVhqMYUm3JhwXeLEBV
french restaurant,French Cafe Lounge,"The Official French Cafe Lounge Playlist - Over 250,000 followers and growing every day! Send requests to: kamdiba@gmail.com",https://open.spotify.com/playlist/3x6xRt9FnSbfPbgiO6incZ,Waiting For The Time,The French Note,french jazz,https://open.spotify.com/track/6cXPcKbfRbWMhozYBc9fWA
french restaurant,fancy restaurant music,somehow they always play 50s jazz about love,https://open.spotify.com/playlist/3petyilOTFbgqkgjEmASzk,Easy Living,Billie Holiday,"jazz, vocal jazz, jazz blues, big band",https://open.spotify.com/track/0XsbCr34semDxq0ZX84BCh
french restaurant,fancy restaurant music,somehow they always play 50s jazz about love,https://open.spotify.com/playlist/3petyilOTFbgqkgjEmASzk,La vie en rose,Louis Armstrong,"jazz, swing music, big band, vocal jazz, jazz blues",https://open.spotify.com/track/5IIybI1oiOCY3DRUrpQ7zA
french restaurant,"Le Petit Bistrot , modern French mixed music list for restaurante ( modern fransk spellista ).",Music list for restaurant &#x2F; bistro environment with French modern sound . Mixed new and old songs and songs with derivation to France.  - updated regularly (when new suitable songs are found). - Chansons francaises modernes.,https://open.spotify.com/playlist/4YJ8JthYy1D3g6pyuKFWr5,Le temps est bon,Bon Entendeur,"french indie pop, french house, french pop",https://open.spotify.com/track/2U5kSevItDmL0XzSDyemRp
french restaurant,"Le Petit Bistrot , modern French mixed music list for restaurante ( modern fransk spellista ).",Music list for restaurant &#x2F; bistro environment with French modern sound . Mixed new and old songs and songs with derivation to France.  - updated regularly (when new suitable songs are found). - Chansons francaises modernes.,https://open.spotify.com/playlist/4YJ8JthYy1D3g6pyuKFWr5,Battez-vous,Brigitte,"chanson, french house, french pop, variété française, french indie pop",https://open.spotify.com/track/7IlmHApoMCIv39Z5JRZyrk
french restaurant,Vintage French Music,Vintage French Music,https://open.spotify.com/playlist/73xZRH7MPyPZUoRkgLgnth,Charmaine,Lucienne Delyle,"chanson, french jazz",https://open.spotify.com/track/2uNiq51Fa0FofcRalL6tFU
french restaurant,Vintage French Music,Vintage French Music,https://open.spotify.com/playlist/73xZRH7MPyPZUoRkgLgnth,Sympathique,Pink Martini,"french jazz, lounge",https://open.spotify.com/track/1bjYzPRj1iuPp3iR67JRY2
french restaurant,FRENCH RESTAURANT,"Restaurant francais. French music dinner in a French restaurant. Jazz, chanson française, bossa nova (Françoise Hardy, Jacques Dutronc, Serge Gainsbourg, Henri Salvador, Philippe Katerine, Brigitte Bardot, ...)",https://open.spotify.com/playlist/0fAR6gRpoVcmjRtmHHgcDh,Je t'aime moi non plus,Serge Gainsbourg,"chanson, variété française, french pop, french jazz, french house",https://open.spotify.com/track/5P0tWr5JZqDoi5wq2OalFH
french restaurant,FRENCH RESTAURANT,"Restaurant francais. French music dinner in a French restaurant. Jazz, chanson française, bossa nova (Françoise Hardy, Jacques Dutronc, Serge Gainsbourg, Henri Salvador, Philippe Katerine, Brigitte Bardot, ...)",https://open.spotify.com/playlist/0fAR6gRpoVcmjRtmHHgcDh,Mon manque,Andréel,"french jazz, bossa nova, french indie pop",https://open.spotify.com/track/0manV4SxfhGQotHWFhS19y
italian restaurant,Italian Restaurant Instrumental Music,"Classic background jazz songs to create the ideal relaxed atmosphere for your restaurant, cafe or bar.",https://open.spotify.com/playlist/1K08nsaptX83ChlW9tzSaj,Bait Breath,Jazz Muzak,,https://open.spotify.com/track/67pEXUa4PN1R6zaUhy5lkh
italian restaurant,Italian Restaurant Instrumental Music,"Classic background jazz songs to create the ideal relaxed atmosphere for your restaurant, cafe or bar.",https://open.spotify.com/playlist/1K08nsaptX83ChlW9tzSaj,Jazz Rilassato Con la Chitarra,Italian Jazz Café Bar,,https://open.spotify.com/track/0ldqdA2PtaCrSXxutkritD
italian restaurant,Italian restaurant 🇮🇹 | musica soft Ristorante italiano | background music for dinner / lunch,italian classic hits - popular italian songs - italian folk songs- wedding dinner - wedding background music - successi italiani - musica per ristorante - elegant music restaurant,https://open.spotify.com/playlist/0l02pjIfzPKwsiWcc7lB7a,Volare (Nel Blu Dipinto Di Blu),David Bowie,"glam rock, art rock",https://open.spotify.com/track/2l2BAqTqhNkQqalBby0NYi
italian restaurant,Italian restaurant 🇮🇹 | musica soft Ristorante italiano | background music for dinner / lunch,italian classic hits - popular italian songs - italian folk songs- wedding dinner - wedding background music - successi italiani - musica per ristorante - elegant music restaurant,https://open.spotify.com/playlist/0l02pjIfzPKwsiWcc7lB7a,Mambo Italiano,Dean Martin,"christmas, adult standards, big band, swing music",https://open.spotify.com/track/7DuqCAxfOEKBfQgrnWfHrh
italian restaurant,Italian Dinner Music,The perfect playlist for that romantic spaghetti and meatball dinner you have been planning.,https://open.spotify.com/playlist/1NZBcsGRBovle7HEYFF47u,Anna,Giuseppe Caiani,,https://open.spotify.com/track/4mcLSBFzlsvlolMAqrbV72
italian restaurant,Italian Dinner Music,The perfect playlist for that romantic spaghetti and meatball dinner you have been planning.,https://open.spotify.com/playlist/1NZBcsGRBovle7HEYFF47u,Italian Restaurant for One,Italian Social Club,,https://open.spotify.com/track/4zuic4CVOHN9shgFcVIjw7
italian restaurant,Italian Cafe & Bistro,Romantic &amp; relaxing music of Italy to set an atmospheric background to any occasion! Check out my profile for more – thanks!,https://open.spotify.com/playlist/5JUdMDPn1dVKnYKwFitPp7,Sei Nei Miei Sogni,Massimo Pauselli,,https://open.spotify.com/track/6gjgZzwxhA8gVroS5i3Te2
italian restaurant,Italian Cafe & Bistro,Romantic &amp; relaxing music of Italy to set an atmospheric background to any occasion! Check out my profile for more – thanks!,https://open.spotify.com/playlist/5JUdMDPn1dVKnYKwFitPp7,Fellini Days,Italian Social Club,,https://open.spotify.com/track/2viYKNDX5KOD8FTZ2pFAkq
mexican restaurant,drunk mexican dad music,highkey nostalgic,https://open.spotify.com/playlist/3xnVRQQvS7jeaHPVEyYUDu,El Gigante De Hierro,Grupo Sonador,"cumbia sonidera, cumbia",https://open.spotify.com/track/4HswuCNDyzUiRFfb8DH5Ub
mexican restaurant,drunk mexican dad music,highkey nostalgic,https://open.spotify.com/playlist/3xnVRQQvS7jeaHPVEyYUDu,Cómo Te Voy A Olvidar,Los Ángeles Azules,"cumbia, cumbia sonidera, salsa",https://open.spotify.com/track/51dNexiESqcJLsGLrmg1Nv
mexican restaurant,Mexican Party Bangerz,Guranteed to get your tias and tios on their feet.,https://open.spotify.com/playlist/3t3ZFBfz6SP9R7X0MBYngO,Suavemente,Elvis Crespo,"merengue, latin dance, salsa, latin",https://open.spotify.com/track/1YwPNemawMgGe6sF4U0FTE
mexican restaurant,Mexican Party Bangerz,Guranteed to get your tias and tios on their feet.,https://open.spotify.com/playlist/3t3ZFBfz6SP9R7X0MBYngO,Camaron Pelao,Banda El Recodo,"banda, norteño, música mexicana, grupera, corrido",https://open.spotify.com/track/3n6Ne0aeUxttPF4S4y2vuy
indian restaurant,Indian Restaurant,Enjoy this subtle blend of classical flavours for your delight,https://open.spotify.com/playlist/4S8yzCFWjOhCypyCl32BMy,Summer: Rag Desh (feat. Will Marsh),Daniel Paul,,https://open.spotify.com/track/2MoSaMxfyQSdnfWQwpUTCh
indian restaurant,Indian Restaurant,Enjoy this subtle blend of classical flavours for your delight,https://open.spotify.com/playlist/4S8yzCFWjOhCypyCl32BMy,Maharaj Eki Sajey Ele,Tejendra Majumdar,,https://open.spotify.com/track/7sbk4CBnREBBuWoVsw8n0C
indian restaurant,Indian Traditional Music,Traditional melodies and raga music from India.🪷🐘,https://open.spotify.com/playlist/3WDpoTFEJcnzELlGnHzp7A,Raag Jan Sammohini,Baluji Shrivastav,,https://open.spotify.com/track/2YslUCc6hajPui3BwhUUQs
indian restaurant,Indian Traditional Music,Traditional melodies and raga music from India.🪷🐘,https://open.spotify.com/playlist/3WDpoTFEJcnzELlGnHzp7A,Pahadu Dhun,Hariprasad Chaurasia,,https://open.spotify.com/track/2U964AIBMwnj4Y8wUmJl27
indian restaurant,Bombay Mahal ,Maine’s Oldest Indian Restaurant ,https://open.spotify.com/playlist/6cHjhElQnzm0riYZb7fRyW,Jaani Tera Naa,Sunanda Sharma,"bhangra, punjabi pop, desi, desi pop, bollywood",https://open.spotify.com/track/0LZA36VEmc6n0Y7X29zIgE
indian restaurant,Bombay Mahal ,Maine’s Oldest Indian Restaurant ,https://open.spotify.com/playlist/6cHjhElQnzm0riYZb7fRyW,Naah,Harrdy Sandhu,"punjabi pop, bhangra, desi pop, desi, hindi pop, bollywood",https://open.spotify.com/track/0zRsGGueSQLRkYWs4kPA4V
